<application>
  <component name="MaterialThemeConfig">
    <option name="highlightColorEnabled" value="true" />
    <option name="isCompactStatusBar" value="true" />
    <option name="isContrastMode" value="true" />
    <option name="isHighContrast" value="true" />
    <option name="isWizardShown" value="true" />
    <option name="pristineConfig" value="false" />
    <option name="highlightThickness" value="5" />
    <option name="tabsHeight" value="23" />
    <option name="accentColor" value="ab47bc" />
    <option name="highlightColor" value="bd0fcb" />
    <option name="selectedTheme" value="DARKER" />
    <option name="userId" value="3668a12c:1677abd960a:-8000" />
    <option name="version" value="3.4.1.1" />
  </component>
</application>