<application>
  <component name="VimSettings">
    <state version="4" enabled="true" />
    <globalmarks />
    <filemarks>
      <file name="$USER_HOME$/Documents/java/gs-maven/initial/pom.xml" timestamp="1543960784768">
        <mark key="[" line="20" column="21" />
        <mark key="]" line="13" column="0" />
        <mark key="." line="13" column="0" />
      </file>
      <file name="$USER_HOME$/Documents/java/spring1/src/com/mk/springdemo/Coach.java" timestamp="1544553818940">
        <mark key="[" line="3" column="36" />
        <mark key="]" line="4" column="35" />
        <mark key="^" line="4" column="35" />
        <mark key="." line="4" column="35" />
      </file>
      <file name="$USER_HOME$/Documents/java/spring1/src/applicationContext.xml" timestamp="1544582705974">
        <mark key="[" line="18" column="37" />
        <mark key="]" line="18" column="44" />
        <mark key="^" line="18" column="44" />
        <mark key="." line="18" column="44" />
      </file>
      <file name="$USER_HOME$/Documents/Projects/Finesse/backend/finesse-backend-tracker/pom.xml" timestamp="1544201159783">
        <mark key="'" line="14" column="0" />
        <mark key="[" line="6" column="16" />
        <mark key="]" line="6" column="30" />
        <mark key="." line="6" column="30" />
        <mark key="^" line="6" column="30" />
      </file>
      <file name="$USER_HOME$/Documents/java/spring1/src/Main.java" timestamp="1544581636617">
        <mark key="[" line="13" column="85" />
        <mark key="]" line="15" column="33" />
        <mark key="." line="15" column="33" />
        <mark key="^" line="15" column="33" />
      </file>
      <file name="$USER_HOME$/Documents/java/spring1/src/com/mk/springdemo/FortuneService.java" timestamp="1544553589587">
        <mark key="[" line="2" column="33" />
        <mark key="]" line="3" column="30" />
        <mark key="^" line="3" column="30" />
        <mark key="." line="3" column="30" />
      </file>
      <file name="$USER_HOME$/Documents/java/java-spring-jpa-mysql/.gitignore" timestamp="1544477022480">
        <mark key="[" line="1" column="7" />
        <mark key="]" line="1" column="6" />
        <mark key="^" line="1" column="6" />
        <mark key="." line="1" column="6" />
      </file>
      <file name="$USER_HOME$/Documents/java/gs-maven/initial/src/main/java/hello/HelloWorld.java" timestamp="1543958980466">
        <mark key="[" line="0" column="14" />
        <mark key="]" line="3" column="0" />
        <mark key="." line="3" column="0" />
      </file>
      <file name="$USER_HOME$/Documents/java/ToysRus/src/main/java/com/toysrus/interfaces/Impl/ItemSearchServiceImpl.java" timestamp="1544479551029">
        <mark key="[" line="55" column="78" />
        <mark key="]" line="55" column="99" />
        <mark key="^" line="55" column="99" />
        <mark key="." line="55" column="99" />
      </file>
      <file name="$USER_HOME$/Documents/java/spring-webservice/pom.xml" timestamp="1544024035250">
        <mark key="[" line="0" column="0" />
        <mark key="]" line="46" column="9" />
        <mark key="^" line="46" column="9" />
        <mark key="." line="46" column="9" />
      </file>
      <file name="$USER_HOME$/Documents/java/spring1/spring1.iml" timestamp="1544547533510">
        <mark key="[" line="6" column="0" />
        <mark key="]" line="6" column="0" />
        <mark key="." line="6" column="0" />
      </file>
      <file name="/Dummy.txt" timestamp="1544501146029">
        <mark key="[" line="0" column="0" />
      </file>
      <file name="$USER_HOME$/Documents/java/ToysRus/src/main/java/com/toysrus/controller/ToysRusController.java" timestamp="1544479165169">
        <mark key="[" line="41" column="29" />
        <mark key="]" line="41" column="43" />
        <mark key="^" line="41" column="43" />
        <mark key="." line="41" column="43" />
      </file>
      <file name="$USER_HOME$/Documents/java/marven/hello/pom.xml" timestamp="1543954622877">
        <mark key="[" line="0" column="0" />
        <mark key="]" line="40" column="9" />
        <mark key="^" line="40" column="9" />
        <mark key="." line="40" column="9" />
      </file>
      <file name="$USER_HOME$/Documents/java/spring1/.gitignore" timestamp="1544548185720">
        <mark key="[" line="2" column="4" />
        <mark key="]" line="3" column="2" />
        <mark key="^" line="3" column="2" />
        <mark key="." line="3" column="2" />
      </file>
      <file name="$USER_HOME$/Documents/java/spring-webservice/src/main/java/hello/Application.java" timestamp="1544195069624">
        <mark key="[" line="0" column="0" />
      </file>
      <file name="$USER_HOME$/Documents/Projects/Finesse/backend/finesse-backend-tracker/.gitignore" timestamp="1544201362301">
        <mark key="[" line="0" column="0" />
        <mark key="]" line="1" column="6" />
        <mark key="^" line="1" column="6" />
        <mark key="." line="1" column="6" />
      </file>
      <file name="$USER_HOME$/Documents/java/marven/hello/HelloWorld.java" timestamp="1543957518096">
        <mark key="'" line="7" column="0" />
        <mark key="[" line="7" column="1" />
        <mark key="]" line="7" column="0" />
        <mark key="^" line="7" column="0" />
        <mark key="." line="7" column="0" />
      </file>
      <file name="$USER_HOME$/Documents/Projects/Finesse/backend/finesse-backend-tracker/src/main/java/hello/Greeting.java" timestamp="1544200949118">
        <mark key="[" line="0" column="13" />
        <mark key="]" line="0" column="14" />
        <mark key="^" line="0" column="14" />
        <mark key="." line="0" column="14" />
      </file>
      <file name="$USER_HOME$/Documents/java/spring1/src/com/mk/springdemo/BaseballCoach.java" timestamp="1544557089846">
        <mark key="[" line="14" column="37" />
        <mark key="]" line="15" column="42" />
        <mark key="." line="15" column="42" />
        <mark key="^" line="15" column="42" />
      </file>
      <file name="$USER_HOME$/Documents/java/marven/hello/Greeter.java" timestamp="1543953267096">
        <mark key="[" line="0" column="0" />
        <mark key="]" line="0" column="0" />
        <mark key="^" line="0" column="5" />
        <mark key="." line="0" column="0" />
      </file>
      <file name="$USER_HOME$/Documents/java/spring1/src/com/mk/springdemo/HappyFortuneService.java" timestamp="1544554788894">
        <mark key="[" line="6" column="16" />
        <mark key="]" line="6" column="38" />
        <mark key="^" line="6" column="38" />
        <mark key="." line="6" column="38" />
      </file>
      <file name="$APPLICATION_CONFIG_DIR$/scratches/scratch.java" timestamp="1543953127495">
        <mark key="[" line="0" column="6" />
        <mark key="]" line="0" column="15" />
        <mark key="." line="0" column="15" />
        <mark key="^" line="0" column="15" />
      </file>
      <file name="$USER_HOME$/Documents/java/spring1/src/com/mk/springdemo/CricketCoach.java" timestamp="1544582546894">
        <mark key="[" line="18" column="0" />
        <mark key="]" line="18" column="0" />
        <mark key="." line="18" column="0" />
      </file>
      <file name="$USER_HOME$/Documents/java/spring1/src/com/mk/springdemo/TruckCoach.java" timestamp="1544557779692">
        <mark key="[" line="16" column="15" />
        <mark key="]" line="16" column="29" />
        <mark key="^" line="16" column="29" />
        <mark key="." line="16" column="29" />
      </file>
      <file name="/fragment.java" timestamp="1544541023295">
        <mark key="[" line="0" column="0" />
      </file>
    </filemarks>
    <jumps>
      <jump line="4" column="0" filename="$USER_HOME$/Documents/java/marven/hello/HelloWorld.java" />
      <jump line="1" column="0" filename="$USER_HOME$/Documents/java/gs-maven/initial/src/main/java/hello/Greeter.java" />
      <jump line="18" column="0" filename="$USER_HOME$/Documents/Projects/Finesse/backend/finesse-backend-tracker/pom.xml" />
      <jump line="14" column="0" filename="$USER_HOME$/Documents/Projects/Finesse/backend/finesse-backend-tracker/pom.xml" />
    </jumps>
    <registers>
      <register name="&quot;" type="4">
        <text>jjyy@hotmail.com</text>
      </register>
      <register name="-" type="4">
        <text>jjyy@hotmail.com</text>
      </register>
      <register name="0" type="2">
        <text encoding="base64">ICAgICAgICA8cHJvcGVydHkgbmFtZT0iZW1haWxBZGRyZXNzIiB2YWx1ZT0iamp5eUBob3RtYWlsLmNvbSI+PC9wcm9wZXJ0eT4K</text>
      </register>
      <register name="1" type="2">
        <text encoding="base64">ZGQK</text>
      </register>
      <register name="2" type="2">
        <text encoding="base64">ICAgICAgICAK</text>
      </register>
      <register name="3" type="2">
        <text encoding="base64">ICAgICAgICByZXR1cm4gbnVsbDsK</text>
      </register>
      <register name="4" type="2">
        <text encoding="base64">ICAgIDwvYmVhbj4K</text>
      </register>
      <register name="5" type="2">
        <text encoding="base64">ICAgICAgICA8Y29uc3RydWN0b3ItYXJnIHJlZj0ibXlGb3J0dW5lIi8+Cg==</text>
      </register>
      <register name="6" type="2">
        <text encoding="base64">ICAgIDxiZWFuIGNsYXNzPSJjb20ubWsuc3ByaW5nZGVtby5UcnVja0NvYWNoIiBpZD0idHJ1Y2tDb2FjaCI+Cg==</text>
      </register>
      <register name="7" type="2">
        <text encoding="base64">Cg==</text>
      </register>
      <register name="8" type="2">
        <text encoding="base64">ICAgICAgICByZXR1cm4gIm5vdGhpbmcgYmFzZWJhbGwgY29hY2giOwo=</text>
      </register>
      <register name="9" type="2">
        <text encoding="base64">ICAgICAgICBmb3IgCg==</text>
      </register>
      <register name=":" type="4">
        <text>w</text>
      </register>
    </registers>
    <search>
      <last-dir>0</last-dir>
      <show-last>false</show-last>
    </search>
    <history>
      <history-search />
      <history-cmd>
        <entry>0g</entry>
        <entry>1g</entry>
        <entry>11</entry>
        <entry>5</entry>
        <entry>w</entry>
      </history-cmd>
      <history-expr />
      <history-input />
    </history>
    <shortcut-conflicts>
      <shortcut-conflict owner="vim">
        <text>ctrl pressed R</text>
      </shortcut-conflict>
    </shortcut-conflicts>
  </component>
</application>