<application>
  <component name="VimSettings">
    <state version="4" enabled="true" />
    <globalmarks />
    <filemarks>
      <file name="$USER_HOME$/Documents/Projects/Finesse/backend/finesse-backend-tracker/src/main/resources/loglin.xml" timestamp="1548183619205">
        <mark key="'" line="92" column="15" />
        <mark key="[" line="0" column="0" />
        <mark key="]" line="0" column="0" />
        <mark key="^" line="0" column="0" />
        <mark key="." line="0" column="0" />
      </file>
      <file name="$USER_HOME$/Documents/Projects/Finesse/backend/finesse-backend-tracker/src/main/java/com/finesse/entity/ProfileConfig.java" timestamp="1548259594046">
        <mark key="[" line="28" column="32" />
        <mark key="]" line="28" column="32" />
        <mark key="^" line="28" column="35" />
        <mark key="." line="28" column="32" />
      </file>
      <file name="$USER_HOME$/Documents/Projects/Finesse/backend/finesse-backend-tracker/src/main/java/com/mk/entity/UserRepository.java" timestamp="1546614814270">
        <mark key="'" line="0" column="0" />
        <mark key="[" line="28" column="22" />
        <mark key="]" line="28" column="19" />
        <mark key="." line="28" column="19" />
        <mark key="^" line="28" column="19" />
      </file>
      <file name="$USER_HOME$/Documents/java/spring1/src/com/mk/springdemo/Coach.java" timestamp="1544553818940">
        <mark key="[" line="3" column="36" />
        <mark key="]" line="4" column="35" />
        <mark key="^" line="4" column="35" />
        <mark key="." line="4" column="35" />
      </file>
      <file name="$USER_HOME$/Documents/java/java-spring-boot-restful/src/main/java/com/mk/rest/StudentController.java" timestamp="1545410985040">
        <mark key="[" line="57" column="50" />
        <mark key="]" line="58" column="49" />
        <mark key="." line="58" column="49" />
        <mark key="^" line="58" column="49" />
      </file>
      <file name="$USER_HOME$/Downloads/maven-resttest/src/main/java/com/mk/mavenresttest/MavenResttestApplication.java" timestamp="1545337423835">
        <mark key="[" line="2" column="50" />
        <mark key="]" line="2" column="0" />
        <mark key="." line="2" column="0" />
        <mark key="^" line="2" column="0" />
      </file>
      <file name="$USER_HOME$/Documents/java/spring1/src/com/mk/springdemo/TennisCoach.java" timestamp="1544638464778">
        <mark key="[" line="12" column="5" />
        <mark key="]" line="13" column="3" />
        <mark key="." line="13" column="3" />
        <mark key="^" line="13" column="3" />
      </file>
      <file name="$USER_HOME$/Downloads/SpringRest/src/main/java/Application.java" timestamp="1545342867732">
        <mark key="[" line="5" column="0" />
        <mark key="]" line="5" column="0" />
        <mark key="^" line="3" column="21" />
        <mark key="." line="5" column="0" />
      </file>
      <file name="$USER_HOME$/Documents/Projects/Finesse/backend/finesse-backend-tracker/src/main/java/com/mk/dao/TrackerDAOImpl.java" timestamp="1546964570890">
        <mark key="'" line="53" column="81" />
        <mark key="[" line="55" column="0" />
        <mark key="]" line="55" column="0" />
        <mark key="^" line="72" column="11" />
        <mark key="." line="55" column="0" />
      </file>
      <file name="$USER_HOME$/Downloads/SpringRest/src/main/java/Main.java" timestamp="1545340511205">
        <mark key="[" line="7" column="30" />
        <mark key="]" line="7" column="40" />
        <mark key="." line="7" column="40" />
        <mark key="^" line="7" column="40" />
      </file>
      <file name="$USER_HOME$/Documents/java/springHB/src/java/com/mk/hibernate/demo/Student.java" timestamp="1544821345061">
        <mark key="[" line="1" column="0" />
        <mark key="]" line="6" column="23" />
        <mark key="^" line="6" column="23" />
        <mark key="." line="6" column="23" />
      </file>
      <file name="$USER_HOME$/Documents/java/spring1/src/com/mk/springdemo/SadFortuneService.java" timestamp="1544643388699">
        <mark key="[" line="5" column="15" />
        <mark key="]" line="5" column="30" />
        <mark key="^" line="5" column="30" />
        <mark key="." line="5" column="30" />
      </file>
      <file name="$USER_HOME$/Documents/java/java-spring-mvc/src/main/webapp/WEB-INF/view/process-model.jsp" timestamp="1544807967000">
        <mark key="[" line="10" column="24" />
        <mark key="]" line="11" column="89" />
        <mark key="^" line="11" column="89" />
        <mark key="." line="11" column="89" />
      </file>
      <file name="$USER_HOME$/Documents/Projects/Finesse/backend/finesse-backend-tracker/src/main/java/com/mk/rest/TrackerController.java" timestamp="1547746850242">
        <mark key="[" line="58" column="8" />
        <mark key="]" line="58" column="9" />
        <mark key="^" line="58" column="9" />
        <mark key="." line="58" column="9" />
      </file>
      <file name="$USER_HOME$/Documents/Projects/Finesse/backend/finesse-backend-tracker/src/main/java/com/finesse/dao/JDBCTrackerDAOImpl.java" timestamp="1548259234564">
        <mark key="'" line="111" column="17" />
        <mark key="[" line="250" column="63" />
        <mark key="]" line="250" column="62" />
        <mark key="." line="250" column="62" />
        <mark key="^" line="250" column="62" />
      </file>
      <file name="$USER_HOME$/Documents/java/spring1/src/com/mk/springdemo/FortuneService.java" timestamp="1544553589587">
        <mark key="[" line="2" column="33" />
        <mark key="]" line="3" column="30" />
        <mark key="^" line="3" column="30" />
        <mark key="." line="3" column="30" />
      </file>
      <file name="$USER_HOME$/Documents/java/java-spring-jpa-mysql/.gitignore" timestamp="1544477022480">
        <mark key="[" line="1" column="7" />
        <mark key="]" line="1" column="6" />
        <mark key="^" line="1" column="6" />
        <mark key="." line="1" column="6" />
      </file>
      <file name="$USER_HOME$/Documents/Projects/Finesse/backend/finesse-backend-tracker/src/main/java/com/mk/helper/TrackerDBConfig.java" timestamp="1548178175439">
        <mark key="[" line="11" column="91" />
        <mark key="]" line="12" column="5" />
        <mark key="^" line="12" column="5" />
        <mark key="." line="12" column="5" />
      </file>
      <file name="$USER_HOME$/Documents/Projects/Finesse/backend/finesse-backend-tracker/src/main/java/com/finesse/entity/RestConfig.java" timestamp="1548191796029">
        <mark key="'" line="0" column="0" />
      </file>
      <file name="$USER_HOME$/Documents/Projects/Finesse/backend/finesse-backend-tracker/src/main/resources/log4j.properties" timestamp="1548176933768">
        <mark key="[" line="11" column="25" />
        <mark key="]" line="11" column="38" />
        <mark key="^" line="11" column="38" />
        <mark key="." line="11" column="38" />
      </file>
      <file name="$USER_HOME$/Documents/java/springMVC/src/main/webapp/WEB-INF/jsp/hello.jsp" timestamp="1544729968549">
        <mark key="[" line="10" column="11" />
        <mark key="]" line="10" column="19" />
        <mark key="." line="10" column="19" />
        <mark key="^" line="10" column="19" />
      </file>
      <file name="$USER_HOME$/Documents/Projects/Finesse/backend/finesse-backend-tracker/src/main/resources/logback.xml" timestamp="1548185033178">
        <mark key="'" line="126" column="0" />
        <mark key="[" line="128" column="27" />
        <mark key="]" line="128" column="43" />
        <mark key="^" line="128" column="43" />
        <mark key="." line="128" column="43" />
      </file>
      <file name="$USER_HOME$/Documents/Projects/Finesse/backend/finesse-backend-tracker/src/main/java/com/mk/dao/StudentDAO.java" timestamp="1546445316837">
        <mark key="[" line="7" column="0" />
        <mark key="]" line="7" column="34" />
        <mark key="^" line="7" column="16" />
        <mark key="." line="7" column="16" />
      </file>
      <file name="$USER_HOME$/Documents/Projects/Finesse/backend/finesse-backend-tracker/src/main/java/com/finesse/helper/Helper.java" timestamp="1548259626287">
        <mark key="[" line="42" column="0" />
        <mark key="]" line="43" column="18" />
        <mark key="." line="43" column="18" />
        <mark key="^" line="43" column="18" />
      </file>
      <file name="$USER_HOME$/Documents/java/ToysRus/src/main/java/com/toysrus/controller/ToysRusController.java" timestamp="1544479165169">
        <mark key="[" line="41" column="29" />
        <mark key="]" line="41" column="43" />
        <mark key="^" line="41" column="43" />
        <mark key="." line="41" column="43" />
      </file>
      <file name="$USER_HOME$/Documents/Projects/Finesse/backend/finesse-backend-tracker/src/main/java/com/mk/entity/RestConfig.java" timestamp="1547843640706">
        <mark key="'" line="32" column="24" />
        <mark key="[" line="64" column="0" />
        <mark key="]" line="64" column="0" />
        <mark key="^" line="15" column="3" />
        <mark key="." line="64" column="0" />
      </file>
      <file name="$USER_HOME$/Documents/java/marven/hello/pom.xml" timestamp="1543954622877">
        <mark key="[" line="0" column="0" />
        <mark key="]" line="40" column="9" />
        <mark key="^" line="40" column="9" />
        <mark key="." line="40" column="9" />
      </file>
      <file name="$USER_HOME$/Documents/Projects/Finesse/backend/finesse-backend-tracker/src/main/java/com/mk/rest/StudentController.java" timestamp="1546454275512">
        <mark key="[" line="26" column="37" />
        <mark key="]" line="26" column="38" />
        <mark key="^" line="26" column="38" />
        <mark key="." line="26" column="38" />
      </file>
      <file name="$USER_HOME$/Downloads/maven-resttest/src/main/java/TestController.java" timestamp="1545337732079">
        <mark key="[" line="4" column="0" />
        <mark key="]" line="4" column="0" />
        <mark key="." line="4" column="0" />
        <mark key="^" line="6" column="40" />
      </file>
      <file name="$USER_HOME$/Documents/Projects/Finesse/backend/finesse-backend-tracker/src/main/java/hello/Greeting.java" timestamp="1544200949118">
        <mark key="[" line="0" column="13" />
        <mark key="]" line="0" column="14" />
        <mark key="^" line="0" column="14" />
        <mark key="." line="0" column="14" />
      </file>
      <file name="$USER_HOME$/Documents/java/java-spring-boot-restful/.gitignore" timestamp="1545372242342">
        <mark key="[" line="1" column="9" />
        <mark key="]" line="2" column="5" />
        <mark key="^" line="2" column="5" />
        <mark key="." line="2" column="5" />
      </file>
      <file name="$USER_HOME$/Downloads/SpringRest/src/main/java/Greeting.java" timestamp="1545339849141">
        <mark key="[" line="0" column="23" />
        <mark key="]" line="15" column="4" />
        <mark key="^" line="15" column="4" />
        <mark key="." line="15" column="4" />
      </file>
      <file name="$USER_HOME$/Documents/Projects/Finesse/backend/finesse-backend-tracker/src/main/java/com/finesse/dao/JDBCTrackerDAO.java" timestamp="1548255180960">
        <mark key="'" line="8" column="29" />
        <mark key="[" line="8" column="42" />
        <mark key="]" line="8" column="44" />
        <mark key="^" line="8" column="44" />
        <mark key="." line="8" column="44" />
      </file>
      <file name="$USER_HOME$/Documents/Projects/Finesse/backend/finesse-backend-tracker/src/main/resources/schema.sql" timestamp="1546555312676">
        <mark key="[" line="14" column="0" />
        <mark key="]" line="28" column="0" />
        <mark key="^" line="28" column="0" />
        <mark key="." line="28" column="0" />
      </file>
      <file name="$USER_HOME$/Documents/Projects/Finesse/backend/finesse-backend-tracker/src/main/java/com/mk/helper/Const.java" timestamp="1547216487638">
        <mark key="[" line="17" column="31" />
        <mark key="]" line="17" column="40" />
        <mark key="^" line="17" column="65" />
        <mark key="." line="17" column="65" />
      </file>
      <file name="$USER_HOME$/Documents/java/java-spring-hiberate/src/java/com/mk/instructor/Instructor.java" timestamp="1545231214821">
        <mark key="[" line="4" column="0" />
        <mark key="]" line="4" column="22" />
        <mark key="^" line="14" column="38" />
        <mark key="." line="14" column="38" />
      </file>
      <file name="$USER_HOME$/Documents/Projects/Finesse/backend/finesse-backend-tracker/src/main/java/com/mk/entity/package.json" timestamp="1547068724281">
        <mark key="'" line="0" column="0" />
        <mark key="[" line="2" column="24" />
        <mark key="]" line="2" column="32" />
        <mark key="^" line="2" column="32" />
        <mark key="." line="2" column="32" />
      </file>
      <file name="$USER_HOME$/Documents/Projects/Finesse/backend/finesse-backend-tracker/src/main/java/com/mk/service/StudentService.java" timestamp="1546447535897">
        <mark key="[" line="10" column="0" />
        <mark key="]" line="10" column="34" />
        <mark key="^" line="10" column="33" />
        <mark key="." line="10" column="33" />
      </file>
      <file name="$USER_HOME$/Documents/java/java-spring-mvc/src/main/java/com/test/mk/AgentController.java" timestamp="1544823547711">
        <mark key="[" line="26" column="51" />
        <mark key="]" line="26" column="67" />
        <mark key="." line="26" column="67" />
        <mark key="^" line="26" column="67" />
      </file>
      <file name="$USER_HOME$/Downloads/gs-rest-service-master/complete/pom.xml" timestamp="1545365297728">
        <mark key="[" line="28" column="21" />
        <mark key="]" line="33" column="20" />
        <mark key="^" line="33" column="20" />
        <mark key="." line="33" column="20" />
      </file>
      <file name="$USER_HOME$/Documents/Projects/Finesse/backend/finesse-backend-tracker/src/main/java/com/mk/dao/MultiDBConfig.java" timestamp="1547830201936">
        <mark key="[" line="11" column="0" />
        <mark key="]" line="38" column="1" />
        <mark key="." line="38" column="1" />
        <mark key="^" line="38" column="1" />
      </file>
      <file name="$USER_HOME$/Downloads/SpringRest/pom.xml" timestamp="1545339697858">
        <mark key="[" line="10" column="17" />
        <mark key="]" line="10" column="17" />
        <mark key="." line="10" column="17" />
        <mark key="^" line="10" column="17" />
      </file>
      <file name="$USER_HOME$/Documents/java/java-spring-boot-restful/src/main/java/com/mk/springboot/dao/StudentDAO.java" timestamp="1545254744753">
        <mark key="[" line="5" column="0" />
        <mark key="]" line="5" column="0" />
        <mark key="^" line="7" column="34" />
        <mark key="." line="5" column="0" />
      </file>
      <file name="$USER_HOME$/Documents/java/java-spring-boot-restful/src/main/java/com/mk/service/StudentServiceImpl.java" timestamp="1545406196926">
        <mark key="[" line="22" column="19" />
        <mark key="]" line="22" column="39" />
        <mark key="^" line="22" column="39" />
        <mark key="." line="22" column="39" />
      </file>
      <file name="$USER_HOME$/Documents/java/spring1/src/Main.java" timestamp="1544643917261">
        <mark key="[" line="12" column="42" />
        <mark key="]" line="12" column="50" />
        <mark key="." line="12" column="50" />
        <mark key="^" line="12" column="50" />
      </file>
      <file name="$USER_HOME$/Documents/java/java-spring-mvc/.gitignore" timestamp="1544802025535">
        <mark key="[" line="0" column="5" />
        <mark key="]" line="1" column="5" />
        <mark key="^" line="1" column="5" />
        <mark key="." line="1" column="5" />
      </file>
      <file name="$USER_HOME$/Documents/java/springMVC/src/main/webapp/WEB-INF/jsp/main-menu.jsp" timestamp="1544735013321">
        <mark key="[" line="10" column="0" />
        <mark key="]" line="10" column="0" />
        <mark key="^" line="13" column="18" />
        <mark key="." line="10" column="0" />
      </file>
      <file name="$USER_HOME$/Documents/Projects/Finesse/backend/finesse-backend-tracker/src/main/java/com/mk/entity/Tracker.java" timestamp="1546621930106">
        <mark key="[" line="27" column="21" />
        <mark key="]" line="27" column="43" />
        <mark key="." line="27" column="43" />
        <mark key="^" line="27" column="43" />
      </file>
      <file name="$USER_HOME$/Documents/Projects/Finesse/backend/finesse-backend-tracker/src/main/java/com/mk/helper/ProcedureColumn.java" timestamp="1546553813788">
        <mark key="'" line="3" column="37" />
        <mark key="[" line="6" column="38" />
        <mark key="]" line="6" column="38" />
        <mark key="." line="6" column="38" />
        <mark key="^" line="6" column="38" />
      </file>
      <file name="$USER_HOME$/Documents/java/ToysRus/src/main/java/com/toysrus/interfaces/Impl/ItemSearchServiceImpl.java" timestamp="1544479551029">
        <mark key="[" line="55" column="78" />
        <mark key="]" line="55" column="99" />
        <mark key="^" line="55" column="99" />
        <mark key="." line="55" column="99" />
      </file>
      <file name="$USER_HOME$/Documents/Projects/Finesse/backend/finesse-backend-tracker/src/main/java/com/mk/dao/JDBCTrackerDAO.java" timestamp="1547760893966">
        <mark key="[" line="1" column="0" />
        <mark key="]" line="2" column="26" />
        <mark key="^" line="2" column="26" />
        <mark key="." line="2" column="26" />
      </file>
      <file name="$USER_HOME$/Documents/java/spring-webservice/pom.xml" timestamp="1544024035250">
        <mark key="[" line="0" column="0" />
        <mark key="]" line="46" column="9" />
        <mark key="^" line="46" column="9" />
        <mark key="." line="46" column="9" />
      </file>
      <file name="$USER_HOME$/Documents/java/springMVC/src/main/java/com/test/mk/HomeController.java" timestamp="1544799066225">
        <mark key="[" line="6" column="16" />
        <mark key="]" line="6" column="15" />
        <mark key="^" line="6" column="15" />
        <mark key="." line="6" column="15" />
      </file>
      <file name="$USER_HOME$/Documents/java/java-spring-boot-restful/src/main/java/com/mk/service/StudentService.java" timestamp="1545404959548">
        <mark key="[" line="6" column="7" />
        <mark key="]" line="6" column="15" />
        <mark key="^" line="6" column="15" />
        <mark key="." line="6" column="15" />
      </file>
      <file name="$USER_HOME$/Documents/java/springMVC/src/main/webapp/WEB-INF/spring-mvc-demo-servlet.xml" timestamp="1544801002234">
        <mark key="[" line="22" column="48" />
        <mark key="]" line="22" column="51" />
        <mark key="." line="22" column="51" />
        <mark key="^" line="22" column="51" />
      </file>
      <file name="$USER_HOME$/Documents/Projects/Finesse/backend/finesse-backend-tracker/src/main/java/com/mk/service/StudentServiceImpl.java" timestamp="1546447668649">
        <mark key="[" line="22" column="3" />
        <mark key="]" line="22" column="46" />
        <mark key="." line="22" column="46" />
        <mark key="^" line="22" column="46" />
      </file>
      <file name="$USER_HOME$/Documents/Projects/Finesse/backend/finesse-backend-tracker/src/main/java/com/finesse/rest/TrackerController.java" timestamp="1548270307180">
        <mark key="[" line="65" column="0" />
        <mark key="]" line="65" column="53" />
        <mark key="." line="65" column="0" />
      </file>
      <file name="$USER_HOME$/Documents/java/java-spring-hiberate/.gitignore" timestamp="1544821650721">
        <mark key="[" line="0" column="0" />
        <mark key="]" line="1" column="5" />
        <mark key="^" line="1" column="5" />
        <mark key="." line="1" column="5" />
      </file>
      <file name="$USER_HOME$/Documents/java/spring1/src/com/mk/springdemo/BaseballCoach.java" timestamp="1544557089846">
        <mark key="[" line="14" column="37" />
        <mark key="]" line="15" column="42" />
        <mark key="." line="15" column="42" />
        <mark key="^" line="15" column="42" />
      </file>
      <file name="$USER_HOME$/Documents/java/marven/hello/Greeter.java" timestamp="1543953267096">
        <mark key="[" line="0" column="0" />
        <mark key="]" line="0" column="0" />
        <mark key="^" line="0" column="5" />
        <mark key="." line="0" column="0" />
      </file>
      <file name="$USER_HOME$/Documents/java/spring1/src/com/mk/springdemo/HappyFortuneService.java" timestamp="1544636308206">
        <mark key="[" line="1" column="0" />
        <mark key="]" line="4" column="9" />
        <mark key="^" line="4" column="9" />
        <mark key="." line="4" column="9" />
      </file>
      <file name="$USER_HOME$/Documents/java/java-spring-mvc/src/main/webapp/WEB-INF/view/agent-result.jsp" timestamp="1544804045238">
        <mark key="[" line="13" column="24" />
        <mark key="]" line="13" column="29" />
        <mark key="." line="13" column="29" />
        <mark key="^" line="13" column="29" />
      </file>
      <file name="$USER_HOME$/Documents/Projects/Finesse/backend/finesse-backend-tracker/src/main/java/com/mk/entity/M1STracker.java" timestamp="1546614837492">
        <mark key="'" line="0" column="0" />
        <mark key="[" line="21" column="13" />
        <mark key="]" line="21" column="19" />
        <mark key="." line="21" column="19" />
        <mark key="^" line="21" column="19" />
      </file>
      <file name="$USER_HOME$/Documents/java/java-spring-boot-restful/src/main/java/com/mk/dao/StudentDAOImpl.java" timestamp="1545372760574">
        <mark key="[" line="40" column="43" />
        <mark key="]" line="41" column="29" />
        <mark key="^" line="41" column="29" />
        <mark key="." line="41" column="29" />
      </file>
      <file name="$USER_HOME$/Documents/java/java-spring-boot-restful/src/main/java/com/mk/springboot/dao/StudentDAOImpl.java" timestamp="1545256780217">
        <mark key="[" line="37" column="15" />
        <mark key="]" line="37" column="22" />
        <mark key="." line="37" column="22" />
        <mark key="^" line="37" column="22" />
      </file>
      <file name="$USER_HOME$/Documents/java/springMVC/src/main/java/com/test/mk/HelloController.java" timestamp="1544733104573">
        <mark key="[" line="7" column="17" />
        <mark key="]" line="7" column="17" />
        <mark key="^" line="10" column="44" />
        <mark key="." line="7" column="17" />
      </file>
      <file name="$USER_HOME$/Documents/Projects/Finesse/backend/finesse-backend-tracker/src/main/java/com/mk/dao/TrackerDAO.java" timestamp="1546879077449">
        <mark key="[" line="5" column="0" />
        <mark key="]" line="5" column="41" />
        <mark key="." line="5" column="40" />
        <mark key="^" line="5" column="40" />
      </file>
      <file name="$USER_HOME$/Documents/Projects/Finesse/backend/finesse-backend-tracker/src/main/java/com/mk/dao/StudentDAOImpl.java" timestamp="1547826112745">
        <mark key="[" line="20" column="5" />
        <mark key="]" line="21" column="3" />
        <mark key="." line="21" column="3" />
        <mark key="^" line="21" column="3" />
      </file>
      <file name="$USER_HOME$/Documents/java/java-spring-mvc/src/main/webapp/WEB-INF/spring-mvc-demo-servlet.xml" timestamp="1544807774871">
        <mark key="[" line="27" column="67" />
        <mark key="]" line="27" column="65" />
        <mark key="^" line="27" column="65" />
        <mark key="." line="27" column="65" />
      </file>
      <file name="$USER_HOME$/Documents/Projects/Finesse/backend/finesse-backend-tracker/src/main/java/com/mk/dao/ProcTestDAO.java" timestamp="1546469861182">
        <mark key="[" line="10" column="0" />
        <mark key="]" line="10" column="0" />
        <mark key="^" line="9" column="38" />
        <mark key="." line="10" column="0" />
      </file>
      <file name="$USER_HOME$/Documents/java/java-spring-boot-restful/src/main/java/com/mk/springboot/entity/Student.java" timestamp="1545254223669">
        <mark key="[" line="63" column="5" />
        <mark key="]" line="66" column="17" />
        <mark key="^" line="66" column="17" />
        <mark key="." line="66" column="17" />
      </file>
      <file name="$USER_HOME$/Documents/java/springboot-restful2/pom.xml" timestamp="1545369046538">
        <mark key="[" line="20" column="0" />
        <mark key="]" line="20" column="0" />
        <mark key="^" line="5" column="18" />
        <mark key="." line="20" column="0" />
      </file>
      <file name="$USER_HOME$/Documents/Projects/Finesse/backend/finesse-backend-tracker/.gitignore" timestamp="1548194837297">
        <mark key="[" line="6" column="3" />
        <mark key="]" line="7" column="3" />
        <mark key="^" line="7" column="3" />
        <mark key="." line="7" column="3" />
      </file>
      <file name="$USER_HOME$/Documents/java/springHB/src/java/com/mk/jdbc/TestJdbc.java" timestamp="1544818189659">
        <mark key="[" line="9" column="36" />
        <mark key="]" line="9" column="35" />
        <mark key="^" line="9" column="35" />
        <mark key="." line="9" column="35" />
      </file>
      <file name="$USER_HOME$/Documents/java/java-spring-boot-restful/src/main/java/com/mk/springboot/controller/StudentController.java" timestamp="1545333560835">
        <mark key="[" line="25" column="11" />
        <mark key="]" line="10" column="21" />
        <mark key="." line="10" column="21" />
        <mark key="^" line="10" column="21" />
      </file>
      <file name="$USER_HOME$/Documents/java/java-spring-hiberate/src/java/com/mk/run/DeleteInstructor.java" timestamp="1545062721234">
        <mark key="[" line="18" column="0" />
        <mark key="]" line="18" column="0" />
        <mark key="^" line="24" column="40" />
        <mark key="." line="18" column="0" />
      </file>
      <file name="$USER_HOME$/Documents/Projects/Finesse/backend/finesse-backend-tracker/src/main/java/com/mk/helper/UserDBConfig.java" timestamp="1548178161404">
        <mark key="[" line="10" column="0" />
        <mark key="]" line="13" column="91" />
        <mark key="^" line="20" column="5" />
        <mark key="." line="20" column="5" />
      </file>
      <file name="$USER_HOME$/Documents/Projects/Finesse/backend/finesse-backend-tracker/src/main/java/com/mk/entity/TrackerRepository.java" timestamp="1546621973459">
        <mark key="[" line="31" column="4" />
        <mark key="]" line="31" column="12" />
        <mark key="." line="31" column="12" />
        <mark key="^" line="31" column="12" />
      </file>
      <file name="$USER_HOME$/Documents/java/java-spring-boot-restful/src/main/java/com/mk/entity/Student.java" timestamp="1545371114955">
        <mark key="[" line="22" column="5" />
        <mark key="]" line="63" column="17" />
        <mark key="." line="63" column="17" />
        <mark key="^" line="63" column="17" />
      </file>
      <file name="$APPLICATION_CONFIG_DIR$/scratches/scratch.java" timestamp="1543953127495">
        <mark key="[" line="0" column="6" />
        <mark key="]" line="0" column="15" />
        <mark key="." line="0" column="15" />
        <mark key="^" line="0" column="15" />
      </file>
      <file name="$USER_HOME$/Documents/java/java-spring-hiberate/src/java/com/mk/run/CreateStudentMain.java" timestamp="1545059028296">
        <mark key="[" line="13" column="0" />
        <mark key="]" line="16" column="54" />
        <mark key="." line="33" column="38" />
        <mark key="^" line="33" column="38" />
      </file>
      <file name="$USER_HOME$/Documents/Projects/Finesse/backend/finesse-backend-tracker/src/main/java/com/mk/entity/User.java" timestamp="1546634391442">
        <mark key="'" line="0" column="0" />
        <mark key="[" line="13" column="29" />
        <mark key="]" line="13" column="52" />
        <mark key="." line="13" column="52" />
        <mark key="^" line="13" column="52" />
      </file>
      <file name="$USER_HOME$/Documents/java/java-spring-hiberate/src/java/com/mk/run/BiDirectional.java" timestamp="1545149633970">
        <mark key="[" line="2" column="0" />
        <mark key="]" line="6" column="39" />
        <mark key="." line="43" column="27" />
        <mark key="^" line="43" column="27" />
      </file>
      <file name="$USER_HOME$/Documents/Projects/Finesse/backend/finesse-backend-tracker/src/main/java/com/mk/dao/ProcTestDAOImpl.java" timestamp="1546468999651">
        <mark key="[" line="2" column="52" />
        <mark key="]" line="2" column="50" />
        <mark key="^" line="2" column="50" />
        <mark key="." line="2" column="50" />
      </file>
      <file name="$USER_HOME$/Documents/java/spring1/src/applicationContext.xml" timestamp="1544644035031">
        <mark key="[" line="7" column="4" />
        <mark key="]" line="7" column="60" />
        <mark key="^" line="7" column="60" />
        <mark key="." line="7" column="60" />
      </file>
      <file name="$USER_HOME$/Documents/java/java-spring-hiberate/src/java/com/mk/run/CreateInstructor.java" timestamp="1545080107762">
        <mark key="[" line="2" column="0" />
        <mark key="]" line="2" column="0" />
        <mark key="." line="2" column="0" />
        <mark key="^" line="28" column="33" />
      </file>
      <file name="$USER_HOME$/Documents/java/java-spring-hiberate/src/java/com/mk/hibernate/demo/Student.java" timestamp="1544893260960">
        <mark key="[" line="25" column="5" />
        <mark key="]" line="20" column="24" />
        <mark key="." line="20" column="24" />
        <mark key="^" line="20" column="24" />
      </file>
      <file name="$USER_HOME$/Documents/Projects/Finesse/backend/finesse-backend-tracker/src/main/resources/globallog4.xml" timestamp="1548177088367">
        <mark key="'" line="92" column="15" />
        <mark key="[" line="0" column="0" />
        <mark key="]" line="0" column="0" />
        <mark key="^" line="0" column="0" />
        <mark key="." line="0" column="0" />
      </file>
      <file name="$USER_HOME$/Documents/java/spring1/src/com/mk/springdemo/ProjectConfig.java" timestamp="1544644212528">
        <mark key="[" line="7" column="0" />
        <mark key="]" line="7" column="1" />
        <mark key="^" line="7" column="1" />
        <mark key="." line="7" column="1" />
      </file>
      <file name="$USER_HOME$/Documents/java/java-spring-boot-restful/src/main/java/com/mk/springboot/dao/EmployeeDAOImpl.java" timestamp="1545255269216">
        <mark key="[" line="14" column="3" />
        <mark key="]" line="15" column="45" />
        <mark key="." line="15" column="45" />
        <mark key="^" line="15" column="45" />
      </file>
      <file name="$USER_HOME$/Documents/Projects/Finesse/backend/finesse-backend-tracker/pom.xml" timestamp="1547759614827">
        <mark key="[" line="40" column="0" />
        <mark key="]" line="40" column="0" />
        <mark key="^" line="45" column="0" />
        <mark key="." line="40" column="0" />
      </file>
      <file name="$USER_HOME$/Documents/java/java-spring-mvc/src/main/webapp/WEB-INF/view/agent-form.jsp" timestamp="1544806899769">
        <mark key="[" line="13" column="25" />
        <mark key="]" line="13" column="25" />
        <mark key="^" line="13" column="25" />
        <mark key="." line="13" column="25" />
      </file>
      <file name="$USER_HOME$/Documents/java/spring1/.gitignore" timestamp="1544548185720">
        <mark key="[" line="2" column="4" />
        <mark key="]" line="3" column="2" />
        <mark key="^" line="3" column="2" />
        <mark key="." line="3" column="2" />
      </file>
      <file name="$USER_HOME$/Documents/java/springHB/pom.xml" timestamp="1544817770313">
        <mark key="[" line="50" column="17" />
        <mark key="]" line="55" column="16" />
        <mark key="." line="55" column="16" />
        <mark key="^" line="55" column="16" />
      </file>
      <file name="$USER_HOME$/Documents/Projects/Finesse/backend/finesse-backend-tracker/src/main/java/com/mk/dao/JDBCTrackerDAOImpl.java" timestamp="1548183538559">
        <mark key="'" line="74" column="27" />
        <mark key="[" line="92" column="24" />
        <mark key="]" line="92" column="44" />
        <mark key="." line="92" column="44" />
        <mark key="^" line="92" column="44" />
      </file>
      <file name="$USER_HOME$/Documents/Projects/Finesse/backend/finesse-backend-tracker/src/main/java/com/mk/helper/Error.java" timestamp="1547499917834">
        <mark key="'" line="58" column="0" />
        <mark key="[" line="56" column="5" />
        <mark key="]" line="59" column="17" />
        <mark key="." line="59" column="17" />
        <mark key="^" line="59" column="17" />
      </file>
      <file name="$USER_HOME$/Documents/java/java-spring-mvc/src/main/java/com/test/mk/HomeController.java" timestamp="1544804243841">
        <mark key="[" line="8" column="31" />
        <mark key="]" line="8" column="30" />
        <mark key="." line="8" column="30" />
        <mark key="^" line="8" column="30" />
      </file>
      <file name="$USER_HOME$/Documents/Projects/Finesse/backend/finesse-backend-tracker/src/main/resources/application.properties" timestamp="1548182889629">
        <mark key="'" line="26" column="7" />
        <mark key="[" line="17" column="28" />
        <mark key="]" line="17" column="25" />
        <mark key="^" line="17" column="25" />
        <mark key="." line="17" column="25" />
      </file>
      <file name="$USER_HOME$/Documents/Projects/Finesse/backend/finesse-backend-tracker/src/main/java/com/finese/dao/JDBCTrackerDAOImpl.java" timestamp="1548184531251" />
      <file name="$USER_HOME$/Documents/java/springMVC/src/main/webapp/WEB-INF/HelloWeb-servlet.xml" timestamp="1544730721294">
        <mark key="[" line="9" column="17" />
        <mark key="]" line="9" column="42" />
        <mark key="^" line="9" column="42" />
        <mark key="." line="9" column="42" />
      </file>
      <file name="$USER_HOME$/Documents/java/java-spring-mvc/pom.xml" timestamp="1544806087195">
        <mark key="[" line="50" column="0" />
        <mark key="]" line="50" column="0" />
        <mark key="^" line="50" column="16" />
        <mark key="." line="50" column="0" />
      </file>
      <file name="$USER_HOME$/Documents/java/java-spring-boot-restful/src/main/java/com/mk/dao/StudentDAO.java" timestamp="1545404936149">
        <mark key="[" line="7" column="0" />
        <mark key="]" line="13" column="35" />
        <mark key="." line="13" column="34" />
        <mark key="^" line="13" column="34" />
      </file>
      <file name="$USER_HOME$/Documents/java/spring1/src/com/mk/springdemo/SwimCoach.java" timestamp="1544643564892">
        <mark key="[" line="15" column="15" />
        <mark key="]" line="15" column="46" />
        <mark key="^" line="15" column="46" />
        <mark key="." line="15" column="46" />
      </file>
      <file name="$USER_HOME$/Documents/java/spring1/src/com/mk/springdemo/TruckCoach.java" timestamp="1544557779692">
        <mark key="[" line="16" column="15" />
        <mark key="]" line="16" column="29" />
        <mark key="^" line="16" column="29" />
        <mark key="." line="16" column="29" />
      </file>
    </filemarks>
    <jumps>
      <jump line="4" column="0" filename="$USER_HOME$/Documents/java/marven/hello/HelloWorld.java" />
      <jump line="1" column="0" filename="$USER_HOME$/Documents/java/gs-maven/initial/src/main/java/hello/Greeter.java" />
      <jump line="18" column="0" filename="$USER_HOME$/Documents/Projects/Finesse/backend/finesse-backend-tracker/pom.xml" />
      <jump line="14" column="0" filename="$USER_HOME$/Documents/Projects/Finesse/backend/finesse-backend-tracker/pom.xml" />
      <jump line="6" column="29" filename="$USER_HOME$/Documents/java/java-spring-hiberate/pom.xml" />
      <jump line="5" column="31" filename="$USER_HOME$/Documents/java/java-spring-hiberate/src/java/com/mk/instructor/InstructorDetail.java" />
      <jump line="0" column="0" filename="$USER_HOME$/Documents/java/java-spring-hiberate/src/java/com/mk/instructor/InstructorDetail.java" />
      <jump line="8" column="0" filename="$USER_HOME$/Documents/java/java-spring-hiberate/src/java/com/mk/instructor/Course.java" />
      <jump line="3" column="3" filename="$USER_HOME$/Documents/java/java-spring-hiberate/src/java/com/mk/instructor/Course.java" />
      <jump line="0" column="0" filename="$USER_HOME$/Documents/java/java-spring-hiberate/src/java/com/mk/instructor/Course.java" />
      <jump line="15" column="23" filename="$USER_HOME$/Documents/java/java-spring-hiberate/src/java/com/mk/instructor/Course.java" />
      <jump line="40" column="17" filename="$USER_HOME$/Documents/java/java-spring-hiberate/src/java/com/mk/instructor/Course.java" />
      <jump line="12" column="0" filename="$USER_HOME$/Documents/java/java-spring-hiberate/src/java/com/mk/run/OneToMany.java" />
      <jump line="63" column="17" filename="$USER_HOME$/Documents/java/java-spring-hiberate/src/java/com/mk/instructor/Student.java" />
      <jump line="56" column="39" filename="$USER_HOME$/Documents/java/java-spring-hiberate/src/java/com/mk/instructor/Course.java" />
      <jump line="1" column="39" filename="$USER_HOME$/Downloads/SpringRest/pom.xml" />
      <jump line="0" column="0" filename="$USER_HOME$/Downloads/SpringRest/pom.xml" />
      <jump line="4" column="37" filename="$USER_HOME$/Documents/java/springboot-restful2/pom.xml" />
      <jump line="3" column="0" filename="$USER_HOME$/Documents/Projects/Finesse/backend/finesse-backend-tracker/src/main/resources/application.properties" />
      <jump line="26" column="20" filename="$USER_HOME$/Documents/Projects/Finesse/backend/finesse-backend-tracker/src/main/java/com/mk/dao/TrackerDAOImpl.java" />
      <jump line="38" column="12" filename="$USER_HOME$/Documents/Projects/Finesse/backend/finesse-backend-tracker/src/main/java/com/mk/dao/TrackerDAOImpl.java" />
      <jump line="10" column="81" filename="$USER_HOME$/Documents/Projects/Finesse/backend/finesse-backend-tracker/src/main/java/com/mk/entity/Student.java" />
      <jump line="32" column="0" filename="$USER_HOME$/Documents/Projects/Finesse/backend/finesse-backend-tracker/src/main/java/com/mk/entity/UserRepository.java" />
      <jump line="31" column="20" filename="$USER_HOME$/Documents/Projects/Finesse/backend/finesse-backend-tracker/src/main/java/com/mk/dao/TrackerDAOImpl.java" />
      <jump line="81" column="28" filename="$USER_HOME$/Documents/Projects/Finesse/backend/finesse-backend-tracker/src/main/java/com/mk/dao/TrackerDAOImpl.java" />
      <jump line="3" column="37" filename="$USER_HOME$/Documents/Projects/Finesse/backend/finesse-backend-tracker/src/main/java/com/mk/helper/ProcedureColumn.java" />
      <jump line="13" column="23" filename="$USER_HOME$/Documents/Projects/Finesse/backend/finesse-backend-tracker/src/main/java/com/mk/entity/User.java" />
      <jump line="0" column="0" filename="$USER_HOME$/Documents/Projects/Finesse/backend/finesse-backend-tracker/src/main/java/com/mk/entity/User.java" />
      <jump line="18" column="2" filename="$USER_HOME$/Documents/Projects/Finesse/backend/finesse-backend-tracker/src/main/java/com/mk/entity/M1STracker.java" />
      <jump line="0" column="0" filename="$USER_HOME$/Documents/Projects/Finesse/backend/finesse-backend-tracker/src/main/java/com/mk/entity/M1STracker.java" />
      <jump line="16" column="0" filename="$USER_HOME$/Documents/Projects/Finesse/backend/finesse-backend-tracker/src/main/java/com/mk/entity/UserRepository.java" />
      <jump line="0" column="0" filename="$USER_HOME$/Documents/Projects/Finesse/backend/finesse-backend-tracker/src/main/java/com/mk/entity/UserRepository.java" />
      <jump line="19" column="0" filename="$USER_HOME$/Documents/Projects/Finesse/backend/finesse-backend-tracker/src/main/java/com/mk/entity/M1STrackerRepository.java" />
      <jump line="0" column="0" filename="$USER_HOME$/Documents/Projects/Finesse/backend/finesse-backend-tracker/src/main/java/com/mk/entity/M1STrackerRepository.java" />
      <jump line="56" column="81" filename="$USER_HOME$/Documents/Projects/Finesse/backend/finesse-backend-tracker/src/main/java/com/mk/dao/TrackerDAOImpl.java" />
      <jump line="157" column="34" filename="/Library/Java/JavaVirtualMachines/jdk1.8.0_191.jdk/Contents/Home/src.zip!/java/sql/PreparedStatement.java" />
      <jump line="451" column="67" filename="/Library/Java/JavaVirtualMachines/jdk1.8.0_191.jdk/Contents/Home/src.zip!/java/sql/PreparedStatement.java" />
      <jump line="453" column="55" filename="/Library/Java/JavaVirtualMachines/jdk1.8.0_191.jdk/Contents/Home/src.zip!/java/sql/PreparedStatement.java" />
      <jump line="454" column="17" filename="/Library/Java/JavaVirtualMachines/jdk1.8.0_191.jdk/Contents/Home/src.zip!/java/sql/PreparedStatement.java" />
      <jump line="456" column="17" filename="/Library/Java/JavaVirtualMachines/jdk1.8.0_191.jdk/Contents/Home/src.zip!/java/sql/PreparedStatement.java" />
      <jump line="472" column="22" filename="/Library/Java/JavaVirtualMachines/jdk1.8.0_191.jdk/Contents/Home/src.zip!/java/sql/PreparedStatement.java" />
      <jump line="76" column="12" filename="$USER_HOME$/Documents/Projects/Finesse/backend/finesse-backend-tracker/src/main/java/com/mk/dao/JDBCTrackerDAOImpl.java" />
      <jump line="21" column="24" filename="$USER_HOME$/Documents/Projects/Finesse/backend/finesse-backend-tracker/src/main/java/com/mk/dao/JDBCTrackerDAOImpl.java" />
      <jump line="6" column="25" filename="$USER_HOME$/Documents/Projects/Finesse/backend/finesse-backend-tracker/src/main/java/com/mk/entity/package.json" />
      <jump line="7" column="49" filename="$USER_HOME$/Documents/Projects/Finesse/backend/finesse-backend-tracker/src/main/java/com/mk/helper/Error.java" />
      <jump line="1" column="3" filename="$USER_HOME$/Documents/Projects/Finesse/backend/finesse-backend-tracker/src/main/java/com/mk/entity/package.json" />
      <jump line="2" column="20" filename="$USER_HOME$/Documents/Projects/Finesse/backend/finesse-backend-tracker/src/main/java/com/mk/entity/package.json" />
      <jump line="0" column="0" filename="$USER_HOME$/Documents/Projects/Finesse/backend/finesse-backend-tracker/src/main/java/com/mk/entity/package.json" />
      <jump line="32" column="24" filename="$USER_HOME$/Documents/Projects/Finesse/backend/finesse-backend-tracker/src/main/java/com/mk/entity/RestConfig.java" />
      <jump line="130" column="26" filename="$USER_HOME$/Documents/Projects/Finesse/backend/finesse-backend-tracker/src/main/java/com/mk/dao/JDBCTrackerDAOImpl.java" />
      <jump line="57" column="0" filename="$USER_HOME$/Documents/Projects/Finesse/backend/finesse-backend-tracker/src/main/java/com/mk/helper/Error.java" />
      <jump line="96" column="11" filename="$USER_HOME$/Documents/Projects/Finesse/backend/finesse-backend-tracker/src/main/java/com/mk/dao/JDBCTrackerDAOImpl.java" />
      <jump line="92" column="0" filename="$USER_HOME$/Documents/Projects/Finesse/backend/finesse-backend-tracker/src/main/java/com/mk/dao/JDBCTrackerDAOImpl.java" />
      <jump line="21" column="7" filename="$USER_HOME$/Documents/Projects/Finesse/backend/finesse-backend-tracker/src/main/resources/application.properties" />
      <jump line="11" column="23" filename="$USER_HOME$/Documents/Projects/Finesse/backend/finesse-backend-tracker/src/main/java/com/mk/dao/JDBCTrackerDAOImpl.java" />
      <jump line="74" column="27" filename="$USER_HOME$/Documents/Projects/Finesse/backend/finesse-backend-tracker/src/main/java/com/mk/dao/JDBCTrackerDAOImpl.java" />
      <jump line="92" column="15" filename="$USER_HOME$/Documents/Projects/Finesse/backend/finesse-backend-tracker/src/main/resources/globallog4.xml" />
      <jump line="92" column="15" filename="$USER_HOME$/Documents/Projects/Finesse/backend/finesse-backend-tracker/src/main/resources/loglin.xml" />
      <jump line="18" column="22" filename="$USER_HOME$/Documents/Projects/Finesse/backend/finesse-backend-tracker/src/main/resources/logback.xml" />
      <jump line="127" column="3" filename="$USER_HOME$/Documents/Projects/Finesse/backend/finesse-backend-tracker/src/main/resources/logback.xml" />
      <jump line="0" column="0" filename="$USER_HOME$/Documents/Projects/Finesse/backend/finesse-backend-tracker/src/main/resources/logback.xml" />
      <jump line="142" column="2" filename="$USER_HOME$/Documents/Projects/Finesse/backend/finesse-backend-tracker/src/main/resources/logback.xml" />
      <jump line="126" column="0" filename="$USER_HOME$/Documents/Projects/Finesse/backend/finesse-backend-tracker/src/main/resources/logback.xml" />
      <jump line="5" column="20" filename="$USER_HOME$/Documents/Projects/Finesse/backend/finesse-backend-tracker/src/main/java/com/finesse/entity/RestConfig.java" />
      <jump line="0" column="0" filename="$USER_HOME$/Documents/Projects/Finesse/backend/finesse-backend-tracker/src/main/java/com/finesse/entity/RestConfig.java" />
      <jump line="69" column="44" filename="$USER_HOME$/Documents/Projects/Finesse/backend/finesse-backend-tracker/src/main/java/com/finesse/rest/TrackerController.java" />
      <jump line="7" column="29" filename="$USER_HOME$/Documents/Projects/Finesse/backend/finesse-backend-tracker/src/main/java/com/finesse/dao/JDBCTrackerDAO.java" />
      <jump line="110" column="17" filename="$USER_HOME$/Documents/Projects/Finesse/backend/finesse-backend-tracker/src/main/java/com/finesse/dao/JDBCTrackerDAOImpl.java" />
    </jumps>
    <registers>
      <register name="&quot;" type="4">
        <text>String</text>
      </register>
      <register name="-" type="4">
        <text>String</text>
      </register>
      <register name="/" type="4">
        <text>getProfile</text>
      </register>
      <register name="0" type="2">
        <text encoding="base64">ICAgIC8vcHVibGljIFN0cmluZyBnZXRQcm9maWxlKFN0cmluZyB1aWQsIFN0cmluZyBwc3dkLCBTdHJpbmcgcmVxdWlyZVBzd2QsIEludGVnZXIgcGVyaXBoZXJhbElkKTsK</text>
      </register>
      <register name="1" type="2">
        <text encoding="base64">ICAgICAgICByZXMgPSB0aGlzLmpkYmNUcmFja2VyREFPLmdldFByb2ZpbGUocGMpOwo=</text>
      </register>
      <register name="2" type="2">
        <text encoding="base64">ICAgICAgICBTdHJpbmcgdmFsID0gbnVsbDsK</text>
      </register>
      <register name="3" type="2">
        <text encoding="base64">ICAgICAgICBpbnQgY29kZSA9IEVycm9yLkVSUl9PSzsK</text>
      </register>
      <register name="4" type="2">
        <text encoding="base64">ICAgICAgICBTdHJpbmcgbXNnID0gRXJyb3IuU1pfRVJST0s7Cg==</text>
      </register>
      <register name="5" type="2">
        <text encoding="base64">Cg==</text>
      </register>
      <register name="6" type="2">
        <text encoding="base64">Cg==</text>
      </register>
      <register name="7" type="2">
        <text encoding="base64">ICAgICAgICB9Cg==</text>
      </register>
      <register name="8" type="2">
        <text encoding="base64">ICAgICAgICAgICAgcmV0dXJuCg==</text>
      </register>
      <register name="9" type="2">
        <text encoding="base64">ICAgICAgICByZXR1cm4gcmVzOwo=</text>
      </register>
      <register name=":" type="4">
        <text>w</text>
      </register>
    </registers>
    <search>
      <last-search>getProfile</last-search>
      <last-offset />
      <last-pattern>getProfile</last-pattern>
      <last-replace>com.finese</last-replace>
      <last-substitute>com.toysrus</last-substitute>
      <last-dir>1</last-dir>
      <show-last>false</show-last>
    </search>
    <history>
      <history-search>
        <entry>groupId</entry>
        <entry encoding="base64">XDxzcHJpbmdcPg==</entry>
        <entry encoding="base64">XDxxc1w+</entry>
        <entry encoding="base64">XDxnZXRSZXN1bHRMaXN0XD4=</entry>
        <entry>@</entry>
        <entry encoding="base64">Oj53</entry>
        <entry>execute</entry>
        <entry>dbcon</entry>
        <entry>setTask</entry>
        <entry encoding="base64">XDxFcnJvclw+</entry>
        <entry>User</entry>
        <entry>Connect</entry>
        <entry>write</entry>
        <entry>com.toysrus</entry>
        <entry>getProfile</entry>
      </history-search>
      <history-cmd>
        <entry>30,61 co .</entry>
        <entry>.,.+1415</entry>
        <entry>15</entry>
        <entry>158,162y</entry>
        <entry>ws</entry>
        <entry>93,97d</entry>
        <entry>11,13 co .</entry>
        <entry>16,19co.</entry>
        <entry>22,25%s/User/Tracker/g</entry>
        <entry>22,27%s/User/Tracker/g</entry>
        <entry>%s/User/Tracker/</entry>
        <entry>230,236d</entry>
        <entry>we</entry>
        <entry>wq</entry>
        <entry>185 co .</entry>
        <entry>ew</entry>
        <entry>%s/com\./toysrus/com\./finese/g</entry>
        <entry>%s/com.toysrus/com.finese/g</entry>
        <entry>8</entry>
        <entry>w</entry>
      </history-cmd>
      <history-expr />
      <history-input />
    </history>
    <shortcut-conflicts>
      <shortcut-conflict owner="vim">
        <text>ctrl pressed R</text>
      </shortcut-conflict>
      <shortcut-conflict owner="vim">
        <text>ctrl pressed A</text>
      </shortcut-conflict>
    </shortcut-conflicts>
  </component>
</application>