<application>
  <component name="MaterialThemeConfig">
    <option name="compactDropdowns" value="true" />
    <option name="isCompactMenus" value="true" />
    <option name="isCompactTables" value="true" />
    <option name="isContrastMode" value="true" />
    <option name="isHighContrast" value="true" />
    <option name="isWizardShown" value="true" />
    <option name="overrideAccentColor" value="true" />
    <option name="pristineConfig" value="false" />
    <option name="highlightThickness" value="4" />
    <option name="settingsSelectedTab" value="5" />
    <option name="tabsHeight" value="26" />
    <option name="accentColor" value="ab47bc" />
    <option name="highlightColor" value="80cbc4" />
    <option name="userId" value="-29904dc6:1648c7634eb:-7fff" />
    <option name="version" value="3.4.1" />
  </component>
</application>